Req_ID,Veh_ID,Tile_name,Tx1,P1,Pr1,Tx2,P2,Total delay,Distance
1,0,"(10, 10)_3_1_osm",0.008192,1.2867607441355035e-07,0.0,0.0,386.02822336932707,386.0364154980031,38.6028223240651,1699982800.2411733
2,0,"(10, 10)_3_1_pcd",0.008192,1.2867607441355035e-07,0.0,0.0,386.02822336932707,386.0364154980031,38.6028223240651,1699982801.2444267
4,0,"(10, 10)_3_1_pcd",0.008192,1.2675186605106607e-07,0.0,0.0,380.25559827995,380.26379040670184,38.025559815319816,1699982802.2468631
1,0,"(10, 10)_3_1_osm",0.008192,1.2867607441355035e-07,0.0,0.0,386.02822336932707,386.0364154980031,38.6028223240651,1699982844.640125
2,0,"(10, 10)_3_1_pcd",0.008192,1.2867607441355035e-07,0.0,0.0,386.02822336932707,386.0364154980031,38.6028223240651,1699982845.6424294
4,0,"(10, 10)_3_1_pcd",0.008192,1.2675186605106607e-07,0.0,0.0,380.25559827995,380.26379040670184,38.025559815319816,1699982846.6454268
